"","Gene","coef.FL","se.FL","Pval.FL","Cancer_type","Coef.fixed","SE.fixed","CI_lower.fixed","CI_upper.fixed","Pval.fixed","Coef","SE","CI_lower","CI_upper","Pval","I2","Q_Pval","FDR","FDR.fixed","FDR.FL"
"87","ITGAL",-0.475790394672059,0.137104500859198,0.000519924714941989,"Melanoma",-0.515686741554943,0.19361399294489,-0.895163194629919,-0.136210288479966,0.0077337313410666,-0.539670481076997,0.250614197764613,-1.03086528271004,-0.0484756794439569,0.0312879237361102,0.381423255520082,0.137881984026218,0.240211606453963,0.0831417618775263,0.00439572713541864
"88","PTPRC",-0.484726999849796,0.131332822567809,0.00022352430818843,"Melanoma",-0.496865241124783,0.163971558227993,-0.818243589740563,-0.175486892509004,0.0024439862853487,-0.497035733186499,0.171160633186249,-0.832504409802619,-0.161567056570379,0.0036852955182341,0.0533033307522965,0.389027338239067,0.109642932443382,0.0670727124095964,0.00372939431920206
"89","LAG3",-0.25384891805986,0.12212828613439,0.0376593567654936,"Melanoma",-0.167250904433264,0.217768664228485,-0.594069643282491,0.259567834415962,0.442474716579035,-0.199597469496534,0.345641899744884,-0.87704314454451,0.477848205551442,0.563622699068054,0.577457755366913,0.0504399785895121,0.803991203082371,0.707390824056338,0.0937073996004311
"90","GZMB",-0.594563501156516,0.149604253156316,7.06037586224135e-05,"Melanoma",-0.414339506226625,0.226001582347749,-0.857294468077277,0.0286154556240269,0.0667508635286351,-0.452159032629208,0.276000307528565,-0.993109695107174,0.0887916298487574,0.10136839821471,0.19749637931182,0.288901779010365,0.327757820894228,0.202338555071175,0.00328307477594223
"91","STAT1",-0.393364893236422,0.119141131414913,0.000961105156109778,"Melanoma",-0.292836213303404,0.137461403999766,-0.562255614407255,-0.0234168121995535,0.0331455424970946,-0.416219224478153,0.238117028959336,-0.882920025344133,0.0504815763878276,0.0804708212809264,0.585618921179951,0.0133065746812397,0.312226786569994,0.139787722705138,0.00744856495985078
"92","CD274",-0.188806350549395,0.119515741646042,0.11416152765874,"Melanoma",-0.374737192607631,0.223708096605432,-0.813197005004284,0.0637226197890225,0.093911315876245,-0.402539614906964,0.261358920345889,-0.914793685823179,0.109714456009252,0.123516639329026,0.399480383770617,0.139154667976157,0.36951021828811,0.260268503999879,0.230804827657888
"93","CCR7",-0.344631440749891,0.123341713368377,0.00520413034699856,"Melanoma",-0.3450422860325,0.256540343327345,-0.847852119535637,0.157767547470637,0.178630868736996,-0.3450422860325,0.256540343327345,-0.847852119535637,0.157767547470637,0.178630868736996,0,0.902465900689002,0.426306466571517,0.384349554437123,0.0241992061135433
"94","IDO1",-0.471943655401923,0.1293153844618,0.00026269461649332,"Melanoma",-0.313812938296808,0.223656443303009,-0.752171512081029,0.124545635487414,0.160586244390401,-0.371032394138345,0.319591280555145,-0.997419793799465,0.255355005522774,0.24565854704947,0.459213074115906,0.0996531405531113,0.529530645862191,0.372303423527491,0.00372939431920206
"95","CXCL9",-0.374036479771394,0.12424084141161,0.00260752791681096,"Melanoma",-0.451206806056642,0.194712793160842,-0.832836867981088,-0.0695767441321956,0.020487716690553,-0.484348304741357,0.292736199417553,-1.0581007125709,0.0894041030881829,0.0980146854600315,0.5039236905747,0.059884590792596,0.327757820894228,0.116900501116685,0.0151562560164637
"96","GZMA",-0.284535181663845,0.121347654808077,0.0190376246909886,"Melanoma",-0.332281656147765,0.183521346739446,-0.691976886151366,0.0274135738558357,0.070204559957207,-0.337548481988335,0.23916246007812,-0.806298290195449,0.131201326218779,0.158133374382062,0.361087671319425,0.152755081737015,0.403656245133158,0.206358858056033,0.0575502559496912
"97","IL2RG",-0.383669497982184,0.131313976192102,0.00348046229830552,"Melanoma",-0.439343942946672,0.188979643633474,-0.809737238279495,-0.0689506476138498,0.020081505633503,-0.457099995138896,0.247531834454974,-0.942253475697776,0.0280534854199839,0.0648006169650028,0.382222666298987,0.137305177361631,0.290136623048774,0.116900501116685,0.0179823885412452
"98","CD8A",-0.318124367572793,0.123457263501793,0.00997203523373176,"Melanoma",-0.420219265948595,0.185018329924154,-0.782848529079686,-0.0575900028175043,0.0231330306066936,-0.428962873316639,0.233163014734541,-0.885953984723121,0.0280282380898428,0.0658041825471446,0.39882204138607,0.125479601614694,0.290136623048774,0.118100208886804,0.0349042115439599
"99","CCR5",-0.34936716370383,0.126786964606001,0.00585944758374557,"Melanoma",-0.404666532098825,0.21354386371009,-0.823204814090131,0.0138717498924817,0.0580918368804546,-0.424054859098672,0.247044927814677,-0.908254020178736,0.0601443019813917,0.0860689094890271,0.153100922187619,0.315683362285835,0.321103239247524,0.194307178531176,0.0247694829676517
"100","CTLA4",-0.40700590090166,0.127106835294604,0.00136440421060026,"Melanoma",-0.289637749116021,0.214451019113322,-0.709954023026042,0.130678524794001,0.176823297872196,-0.280099664787244,0.388436889940533,-1.04142197933744,0.48122264976295,0.470851438323109,0.681658815927863,0.0136081815327958,0.736654669634541,0.384349554437123,0.00906354225613033
"101","CD3D",-0.262498947036272,0.121672248448026,0.0309724393769125,"Melanoma",-0.449625779054824,0.196413251164122,-0.834588677422923,-0.0646628806867246,0.0220687504409541,-0.470692305320287,0.264816726701867,-0.989723552159733,0.0483389415191584,0.0754980705504384,0.424192780131402,0.122375640760601,0.305138035141355,0.118100208886804,0.0822981960586531
"102","CXCL10",-0.328002590921998,0.1245083138194,0.008429033699499,"Melanoma",-0.358326775493911,0.191845022461378,-0.734336110131489,0.0176825591436671,0.0617909401212764,-0.380133904296667,0.291350240863092,-0.951169883275397,0.190902074682064,0.19198421244614,0.515434249422653,0.0539653526914518,0.433080665285479,0.199790706392127,0.0326625055855586
"103","CXCL11",-0.282028782039995,0.120424900593695,0.0191834186498971,"Melanoma",-0.142099428861047,0.246863842463139,-0.625943669173969,0.341744811451876,0.564872980163795,-0.197484637168527,0.474551638046579,-1.12758875654431,0.732619482207255,0.677300286107629,0.668809040251368,0.0285267739191968,0.871756594342657,0.756968871530485,0.0575502559496912
"104","CXCR6",-0.389570456735945,0.140799785660203,0.00566025549917113,"Melanoma",-0.357880089399388,0.208064440244838,-0.765678898742756,0.049918719943981,0.0854243587947158,-0.458148613762182,0.328322381598203,-1.10164865701308,0.185351429488711,0.162888309398934,0.573638412724719,0.0288360226113592,0.405132461838374,0.243710670679042,0.0247694829676517
"105","CIITA",-0.353022136937295,0.124436767656143,0.00455453123503811,"Melanoma",-0.473755253976415,0.164494852409337,-0.796159240340948,-0.151351267611882,0.0039759789181445,-0.473755253976415,0.164494852409337,-0.796159240340948,-0.151351267611882,0.0039759789181445,0,0.549378241539032,0.109642932443382,0.0670727124095964,0.0222932318346602
"106","PRF1",-0.400768514408729,0.127416205999157,0.00165888457292774,"Melanoma",-0.481588111811601,0.199927343840337,-0.873438505263417,-0.0897377183597857,0.0160043805076504,-0.546806969959263,0.303484129171808,-1.14162493301551,0.0480109930969811,0.0715824446559375,0.497484314582656,0.063322482788201,0.30189117963591,0.116900501116685,0.010285084352152
"107","PDCD1",-0.250302132890146,0.117827881250079,0.0336448070465896,"Melanoma",-0.302665879818364,0.266712340851138,-0.825412462118965,0.220080702482237,0.256458002111667,-0.302665879818364,0.266712340851138,-0.825412462118965,0.220080702482237,0.256458002111667,0,0.519447395401554,0.540791874018079,0.497528524096633,0.0869157515370232
"108","PDCD1LG2",-0.148148787664706,0.118026249286972,0.209399279064888,"Melanoma",-0.131770621723301,0.215780668609908,-0.554692960758694,0.291151717312091,0.541418559071654,-0.176137487983557,0.27589215238008,-0.71687617026575,0.364601194298637,0.523194606752444,0.380697559736166,0.152225778215755,0.803991203082371,0.756968871530485,0.360632091722862
"109","CD3E",-0.331794245913887,0.128216741982414,0.00966020650873082,"Melanoma",-0.496065588638691,0.191866572619978,-0.872117160810987,-0.120014016466395,0.0097245863018248,-0.512009595992778,0.226013669121777,-0.954988247485214,-0.0690309445003422,0.023488624500444,0.270098375692252,0.222404805369342,0.232901169873506,0.0857531701160922,0.0349042115439599
"110","PSMB10",-0.421807385826568,0.129894360606512,0.0011650101200989,"Melanoma",-0.540322319040847,0.170412906436492,-0.874325478157165,-0.206319159924529,0.001520901803388,-0.534529525540962,0.191439289568697,-0.909743638321543,-0.159315412760381,0.0052357122432115,0.309870950712486,0.180611926966223,0.109642932443382,0.0670727124095964,0.00833430316686137
"111","SIGLEC14",-0.127191324986158,0.116625061244445,0.275448804277163,"Melanoma",-0.140300815069735,0.21081063036869,-0.553482058150553,0.272880428011083,0.505711512703052,-0.145456078700532,0.240735456589636,-0.617288903418024,0.32637674601696,0.545700420109223,0.198587912947092,0.288202650729151,0.803991203082371,0.743242677760546,0.416970381249983
"112","RGPD5",-0.0567394216365255,0.117914064379434,0.630379339946122,"Melanoma",-0.0961688935778929,0.15631990227992,-0.402550272113356,0.210212484957571,0.538418889572967,-0.122659794141767,0.200341695530102,-0.515322301982456,0.270002713698922,0.540370413496222,0.340901967885483,0.167848632721629,0.803991203082371,0.756968871530485,0.733636329142957
"113","HERPUD1",-0.513528509360429,0.141371208786314,0.000280707099294778,"Melanoma",-0.392775574196538,0.183500828265674,-0.752430588730529,-0.0331205596625469,0.0323178778887582,-0.527013773629456,0.349561830110782,-1.2121423710165,0.158114823757587,0.131646413901569,0.634002531597886,0.0117904535335271,0.371525285775286,0.139787722705138,0.00372939431920206
"114","USP36",-0.108715958695188,0.119457394970557,0.362779558945618,"Melanoma",-0.124538285418299,0.142496066794615,-0.403825444274359,0.154748873437761,0.382130777615853,-0.12453864262883,0.142499413086727,-0.40383236009691,0.15475507483925,0.382140589543526,0.0359845385485118,0.398574748910516,0.650309424310913,0.628248905571827,0.503559686297649
"115","SLC2A3",-0.163823862788627,0.121446969636768,0.177358387746195,"Melanoma",-0.196199943428872,0.15672157799424,-0.503368591897867,0.110968705040123,0.210605839854784,-0.196241738738801,0.187745585916338,-0.564216325391194,0.171732847913593,0.295905803196559,0.198031287928169,0.278593958781693,0.585772712450331,0.425599301373209,0.322268615021711
"116","DNAJA1",-0.159995339306303,0.118100285288425,0.175499980273999,"Melanoma",-0.105691373544752,0.138335477576258,-0.376823927378366,0.165441180288862,0.444854023375635,-0.101249101784689,0.205974990618386,-0.504952665112702,0.302454461543323,0.623030304976776,0.488481432671379,0.0570811544889452,0.839154682155654,0.707390824056338,0.322268615021711
"117","EZR",-0.253355780577935,0.122290890198362,0.0382890449980256,"Melanoma",-0.269712257332569,0.130652004075899,-0.52578547982931,-0.0136390348358266,0.0389839686559809,-0.269712257332569,0.130652004075899,-0.52578547982931,-0.0136390348358266,0.0389839686559809,0,0.699750086539232,0.240211606453963,0.151257798385206,0.0937073996004311
"118","CREM",-0.110151579054541,0.119022455190433,0.354722060770091,"Melanoma",0.023957143339479,0.17403369455429,-0.317142630083373,0.365056916762331,0.890510655337211,0.0239571197121949,0.174033965299943,-0.317143184362386,0.365057423786776,0.890510931898517,0,0.531230636903824,0.944582074831681,0.928812188900102,0.499835631085128
"119","SMCHD1",-0.267849610395179,0.130406578627965,0.03997977549081,"Melanoma",-0.245116866906549,0.16007718623208,-0.558862386667936,0.0686286528548374,0.125709661891831,-0.245116866906549,0.16007718623208,-0.558862386667936,0.0686286528548374,0.125709661891831,0,0.503623877817126,0.36951021828811,0.320890452723885,0.0953363877088547
"120","ALG13",0.0582501095722154,0.115888250228342,0.61521716147592,"Melanoma",0.132583006074226,0.137821677644082,-0.137542518397063,0.402708530545516,0.336054880867502,0.131348595654571,0.138971390963728,-0.141030325515771,0.403727516824912,0.344583089737591,0,0.467459560985439,0.642779994318198,0.582095061502637,0.733528154067444
"121","CD276",-0.0624720843992828,0.116689030320546,0.592392382126629,"Melanoma",-0.0753693939557413,0.127915031387671,-0.326078248556887,0.175339460645404,0.555717377310503,-0.0753680461048664,0.12791641514586,-0.326079612822225,0.175343520612493,0.555728720130538,0,0.474877144334447,0.803991203082371,0.756968871530485,0.715486903088006
"122","NKG7",-0.29753528040439,0.125521459188087,0.0177691510779229,"Melanoma",-0.252017191368083,0.258831670954179,-0.759317944496596,0.255283561760431,0.330219346152003,-0.252017191368083,0.258831670954179,-0.759317944496596,0.255283561760431,0.330219346152003,0,0.631741535657444,0.628064246602828,0.582095061502637,0.0569838293188563
"123","ARRDC2",-0.125136901627767,0.11930228832123,0.294221323609194,"Melanoma",-0.0998815237354493,0.154570390307294,-0.402833921814045,0.203070874343146,0.518157642014365,-0.111343620102957,0.217219767739522,-0.537086541602576,0.314399301396661,0.608241566051456,0.460020524638326,0.0849899184518304,0.839154682155654,0.750168526498408,0.42754036086961
"124","CD69",-0.31344613365964,0.124345918910513,0.0117101918469683,"Melanoma",-0.317717008044278,0.192905768800066,-0.695805367302417,0.0603713512138606,0.0995567599452376,-0.317717008044278,0.192905768800066,-0.695805367302417,0.0603713512138606,0.0995567599452376,0,0.763567895967423,0.327757820894228,0.268250158741335,0.0388945657774304
"125","CD83",-0.358482235499547,0.139419933056179,0.0101334807708271,"Melanoma",-0.455071602555927,0.191869712894771,-0.831129329553719,-0.0790138755581345,0.0177029137676836,-0.45726310370736,0.195296292840864,-0.840036803989642,-0.0744894034250786,0.0192125300461118,0.0513214558090189,0.383768872404906,0.232901169873506,0.116900501116685,0.0349042115439599
"126","PRDM2",-0.24317927832823,0.121122606702186,0.0446739333503857,"Melanoma",-0.208351793032703,0.134538687103073,-0.47204277428203,0.0553391882166241,0.121468641093461,-0.208352844757114,0.134540562786884,-0.472047502279156,0.0553418127649284,0.121471953885422,0.157839439552485,0.305891434207774,0.36951021828811,0.318444815839614,0.101442103380492
"127","NR4A3",-0.191799888989789,0.11946508260566,0.108386208150447,"Melanoma",-0.101957924586546,0.170785502845764,-0.436691359245807,0.232775510072715,0.550511370465356,-0.101957924586546,0.170785502845764,-0.436691359245807,0.232775510072715,0.550511370465356,0,0.667474814557534,0.803991203082371,0.756968871530485,0.223998163510924
"128","YPEL5",0.0296179875049303,0.115179103279091,0.797065117834359,"Melanoma",-0.204727887268574,0.209787407165444,-0.615903649722883,0.206447875185735,0.329122629342664,-0.201157154021803,0.219101642105346,-0.630588481501865,0.228274173458259,0.358566666809103,0.0787151512856836,0.361724755264005,0.6440919755645,0.582095061502637,0.861942511146458
"129","BCL11A",-0.160808116130679,0.119991693967095,0.180193204098161,"Melanoma",-0.279178688109747,0.206138006918571,-0.683201757515015,0.12484438129552,0.175631426690512,-0.28019576718589,0.209075423415851,-0.68997606713342,0.12958453276164,0.18019139308693,0,0.470964316249384,0.426306466571517,0.384349554437123,0.322268615021711
"130","HSPH1",-0.126466471685395,0.11657317414279,0.277980254166655,"Melanoma",-0.0884931179747145,0.132693099878773,-0.348566814734086,0.171580578784657,0.504835579295423,-0.0723649972170133,0.17833629971183,-0.421897721788341,0.277167727354314,0.684905517994986,0.387242919907184,0.121172583529573,0.871756594342657,0.743242677760546,0.416970381249983
"131","LY9",-0.464172778442613,0.132968521186228,0.00048149169683292,"Melanoma",-0.644302895199155,0.226101690586514,-1.08745406559234,-0.201151724805968,0.0043772101651932,-0.713937668972523,0.341647259279314,-1.3835539925768,-0.0443213453682506,0.0366454433708773,0.508181815374632,0.0868229230284809,0.240211606453963,0.0670727124095964,0.00439572713541864
"132","CKS2",-0.0888252603238244,0.119895565222518,0.458781204240856,"Melanoma",0.127814802509626,0.176353546511653,-0.217831797199122,0.473461402218375,0.468596474180675,0.127813272168942,0.176358700187731,-0.217843428559307,0.473469972897192,0.468614794249136,0.353150247838163,0.171770821984451,0.736654669634541,0.711753147771598,0.609523599919994
"133","DDX27",-0.134541301474796,0.120563335258074,0.264448339854951,"Melanoma",-0.0260793038140806,0.167119194865765,-0.353626906876311,0.301468299248149,0.875991942543912,0.0066895062662963,0.232787472801069,-0.449565556475896,0.462944569008488,0.977074714568749,0.449794265039709,0.0913568987276359,0.996290200179654,0.928812188900102,0.416970381249983
"134","JUND",-0.13108073265252,0.120439453193924,0.276438962635597,"Melanoma",-0.0344476000113587,0.158947783580613,-0.345979531251827,0.27708433122911,0.828424421095774,-0.0344475944971831,0.15894779046838,-0.345979539237427,0.277084350243061,0.828424455452602,0,0.55831295230852,0.934385723010493,0.928812188900102,0.416970381249983
"135","ZNF331",0.0153014716347979,0.115845949139317,0.894917337132113,"Melanoma",-0.175947235238864,0.16460365243933,-0.498564465743699,0.146669995265971,0.285108185570704,-0.19668774153168,0.220960414786189,-0.629762196521642,0.236386713458283,0.373385765398187,0.426411992497084,0.106552488205877,0.646757486493288,0.525596149624294,0.921722604588642
"136","ZNF141",-0.0162071131131705,0.11672396215146,0.889568743483916,"Melanoma",-0.0308616856181039,0.173207142341338,-0.370341446472228,0.308618075236021,0.858583261930049,-0.0308616856181039,0.173207142341338,-0.370341446472228,0.308618075236021,0.858583261930049,0,0.802515383543645,0.935759285474323,0.928812188900102,0.921722604588642
"137","DNAJB1",-0.15337778279607,0.121476677270222,0.206729031013549,"Melanoma",-0.0248718129168191,0.156189450237445,-0.330997510147322,0.281253884313684,0.873478757134814,-0.0243571707321306,0.1575939183333,-0.333235574847946,0.284521233383684,0.877170934294912,0,0.472007776068949,0.944582074831681,0.928812188900102,0.360632091722862
"138","KDM6B",-0.0656156294222661,0.116032821040531,0.571739179480228,"Melanoma",-0.0418205801445148,0.126879469135373,-0.290499770027407,0.206858609738377,0.741695628557901,-0.0418205801445148,0.126879469135373,-0.290499770027407,0.206858609738377,0.741695628557901,0,0.71179692020876,0.877371658172152,0.887777425523252,0.708956582555482
"139","WDR74",-0.1422161616575,0.123226361927746,0.248457119665415,"Melanoma",-0.0923218619989164,0.166269154938133,-0.418203417417567,0.233559693419734,0.578719915100758,-0.0923218619989164,0.166269154938133,-0.418203417417567,0.233559693419734,0.578719915100758,0,0.682340033279669,0.813562779199616,0.758592321145588,0.405377405769888
"140","BTG1",-0.0187199844241367,0.116133117702328,0.871940453028124,"Melanoma",0.0433046737805968,0.128674185295263,-0.208892095138151,0.295501442699345,0.73645980562526,0.0433046737805968,0.128674185295263,-0.208892095138151,0.295501442699345,0.73645980562526,0,0.903975878933003,0.877371658172152,0.887777425523252,0.921722604588642
"141","SKIL",-0.178146056994442,0.122767227550979,0.146755343271271,"Melanoma",-0.113259139218817,0.153634010079915,-0.414376265775913,0.18785798733828,0.461000151723394,-0.113259139218817,0.153634010079915,-0.414376265775913,0.18785798733828,0.461000151723394,0,0.505954762064777,0.736654669634541,0.711753147771598,0.284338477588088
"142","ARHGAP24",0.165135590518462,0.116225833812185,0.155370092308331,"Melanoma",0.24191823831723,0.168369120448356,-0.0880791738702331,0.571915650504694,0.150765569577986,0.241918881588436,0.168370345215353,-0.0880809310982311,0.571918694275103,0.150767454280568,0,0.579002898108552,0.395255217978786,0.365606506226615,0.294886093564791
"143","CD27",-0.520592833207172,0.134807459875788,0.000112577306333038,"Melanoma",-0.576629654698522,0.200140707203256,-0.96889823265728,-0.184361076739765,0.0039626310494304,-0.622048164502848,0.275613004886485,-1.16223972775122,-0.0818566012544754,0.0240104298838666,0.425468688824809,0.12152437144666,0.232901169873506,0.0670727124095964,0.00348989649632418
"144","VPS37B",-0.116383624047246,0.122050749543741,0.340302630249463,"Melanoma",-0.0638457750173991,0.171998506160228,-0.400956652486136,0.273265102451337,0.710488878248196,-0.0638457750173991,0.171998506160228,-0.400956652486136,0.273265102451337,0.710488878248196,0,0.583645375349882,0.877371658172152,0.879506122845628,0.48689453251077
"145","WDR45B",0.0776259860681213,0.115920576041415,0.503082184694257,"Melanoma",-0.0363077868301771,0.149204837781518,-0.328743895201093,0.256128321540739,0.807740557962972,-0.0337788993768958,0.154102977961494,-0.335815186091793,0.268257387338001,0.82649664833927,0.0313234238437135,0.401810943557321,0.934385723010493,0.928011237593721,0.640912920226931
"146","CALM2",0.0315356045268316,0.115868175143433,0.785492878626051,"Melanoma",-0.0102976314208771,0.127364898607716,-0.259928245586596,0.239332982744842,0.93556012394165,-0.0102976314208771,0.127364898607716,-0.259928245586596,0.239332982744842,0.93556012394165,0,0.564364021196313,0.97579926905742,0.965418425769575,0.861942511146458
"147","C9orf72",-0.13472486119338,0.122954063800281,0.273195508510107,"Melanoma",-0.179954297985163,0.166968424690447,-0.507206396933827,0.147297800963501,0.281134435314503,-0.179954297985163,0.166968424690447,-0.507206396933827,0.147297800963501,0.281134435314503,0,0.780269415496265,0.571192279887674,0.525596149624294,0.416970381249983
"148","RILPL2",-0.250803697786185,0.125439619083381,0.0455653303405966,"Melanoma",-0.257331917262564,0.183672698130789,-0.617323790542208,0.10265995601708,0.16120354420778,-0.252566403748106,0.216506629638982,-0.676911600254663,0.17177879275845,0.243391035081583,0.239961421150047,0.25391192607303,0.529530645862191,0.372303423527491,0.101442103380492
"149","ZFP36L2",-0.173920173352724,0.119148251619413,0.144373763905778,"Melanoma",-0.17051044973233,0.12944696901319,-0.424221846906054,0.083200947441395,0.187764081027113,-0.17051044973233,0.12944696901319,-0.424221846906054,0.083200947441395,0.187764081027113,0,0.879420817096145,0.433080665285479,0.387513103396382,0.284338477588088
"150","BANK1",-0.323197005098827,0.12264994921389,0.0084108207357786,"Melanoma",-0.448529103902877,0.18836029357422,-0.817708495425739,-0.0793497123800146,0.0172549541327735,-0.459678074600176,0.228850428914295,-0.908216673118737,-0.0111394760816146,0.0445753496512509,0.245154356538222,0.250149426943601,0.240211606453963,0.116900501116685,0.0326625055855586
"151","RANBP2",-0.142342815975824,0.118193905119879,0.228467448700342,"Melanoma",-0.118541319188082,0.132893012625068,-0.379006837730241,0.141924199354077,0.372389899649258,-0.118541837811829,0.132894431732717,-0.379010137753872,0.141926462130213,0.3723929134133,0,0.534812356946741,0.646757486493288,0.622790004585828,0.386317685984216
"152","NR4A2",-0.0775144918955753,0.118340118136245,0.512458426112985,"Melanoma",-0.0319291528631777,0.16738330594491,-0.359994404128451,0.296136098402096,0.848717778465472,-0.0319291528631777,0.16738330594491,-0.359994404128451,0.296136098402096,0.848717778465472,0,0.600620097245366,0.935518460353987,0.928812188900102,0.644035589574427
"153","CHD1",0.0303616165231427,0.115600634655785,0.792826293882877,"Melanoma",0.0646560604231153,0.148118703196256,-0.225651263278323,0.354963384124554,0.662462997588488,0.0646560604231153,0.148118703196256,-0.225651263278323,0.354963384124554,0.662462997588488,0,0.622716904861632,0.868363659001126,0.845511983764255,0.861942511146458
"154","MS4A1",-0.455785672631027,0.129442595613423,0.000429693539929875,"Melanoma",-0.730387878126673,0.259234974507284,-1.23847909169411,-0.222296664559237,0.0048402988336822,-0.730387878126673,0.259234974507284,-1.23847909169411,-0.222296664559237,0.0048402988336822,0,0.561367863922449,0.109642932443382,0.0670727124095964,0.00439572713541864
"155","REL",-0.227597244229665,0.124646936518215,0.0678600047841349,"Melanoma",-0.320855487408973,0.158852170522979,-0.632200020500027,-0.0095109543179184,0.0434003005516168,-0.320855487408973,0.158852170522979,-0.632200020500027,-0.0095109543179184,0.0434003005516168,0,0.649763509498348,0.240211606453963,0.156874592464151,0.146766987091268
"156","DNAJB14",-0.0143380320353992,0.116322762225401,0.901900613092112,"Melanoma",-0.0697155060578527,0.144728601634606,-0.353378352794525,0.213947340678819,0.630020359063913,-0.0697155060578527,0.144728601634606,-0.353378352794525,0.213947340678819,0.630020359063913,0,0.829963649475039,0.839154682155654,0.814826331055994,0.921722604588642
"157","TRA2A",-0.0177379410487673,0.116521718501671,0.879006617180616,"Melanoma",0.0619594844288396,0.15478421402366,-0.241412000432874,0.365330969290553,0.688938596115713,0.0580614258346405,0.164379673042196,-0.264116813118534,0.380239664787815,0.723926991466864,0,0.423501018632084,0.877371658172152,0.867883686015898,0.921722604588642
"158","TAGAP",-0.530974877807351,0.14162227762606,0.000177376425499571,"Melanoma",-0.589157279528906,0.199453817307862,-0.980079578031347,-0.198234981026465,0.0031383334015577,-0.604494440487965,0.218439348728005,-1.03262769680124,-0.17636118417469,0.0056516975486279,0.0677553058619225,0.373157252695684,0.109642932443382,0.0670727124095964,0.00372939431920206
"159","TUBA1A",-0.00529159759104818,0.116047316583506,0.96363016842254,"Melanoma",0.0302048517289795,0.127828240789822,-0.220333896426186,0.280743599884145,0.813205723664601,0.0302048517289795,0.127828240789822,-0.220333896426186,0.280743599884145,0.813205723664601,0,0.556083698152223,0.934385723010493,0.928011237593721,0.974104409383655
"160","TUBA1C",-0.079697950041511,0.116592618795798,0.494253594634404,"Melanoma",-0.0382146269009785,0.128472452569044,-0.290016006941835,0.213586753139878,0.766120029112844,-0.0382151087189664,0.12847601977259,-0.290023480350299,0.213593262912366,0.766123470862271,0,0.734329680862772,0.895349116549883,0.895345094264409,0.638410893069439
"161","NFKBID",-0.303322818276693,0.133241257799586,0.0228165067188282,"Melanoma",-0.206470728789137,0.193992143403012,-0.586688343142771,0.173746885564496,0.287181401341109,-0.206826237104627,0.277753639785612,-0.751213367659338,0.337560893450085,0.45648988764503,0.488775891368614,0.0817006589206486,0.736654669634541,0.525596149624294,0.0634280375456722
"162","GPR183",-0.205087792105248,0.124594268408062,0.0997544623176583,"Melanoma",-0.329154363706738,0.173022498357657,-0.668272229002886,0.0099635015894105,0.0571216271955491,-0.329154363706738,0.173022498357657,-0.668272229002886,0.0099635015894105,0.0571216271955491,0,0.868409231536188,0.277039891898413,0.194307178531176,0.210844658989596
"163","CMKLR1",-0.293310320448046,0.129193918049469,0.0231887449091705,"Melanoma",-0.346113659667578,0.18747573997341,-0.713559357990458,0.0213320386553022,0.0648663077215919,-0.343299788290875,0.233503934904621,-0.800959090952318,0.114359514370567,0.141504924100982,0.306439108564259,0.2055428960426,0.381277156605424,0.202338555071175,0.0634280375456722
"164","TGIF1",0.102856029762159,0.115911953317805,0.374883259702532,"Melanoma",0.314748948501786,0.149873486319369,0.0210023130783661,0.608495583925206,0.035720256654646,0.314748948501786,0.149873486319369,0.0210023130783661,0.608495583925206,0.035720256654646,0,0.828581848763338,0.240211606453963,0.144369370645861,0.512707987534345
"165","PER1",-0.0812780238859002,0.117710128239935,0.48988418746989,"Melanoma",-0.0228254999628546,0.152735822462558,-0.322182211138571,0.276531211212862,0.881203048074559,-0.0207183145784889,0.158333786914998,-0.331046834467725,0.289610205310747,0.895892277159944,0,0.466692042305457,0.944582074831681,0.928812188900102,0.638410893069439
"166","TIGIT",-0.598706804305176,0.143456757319744,3.00047238184154e-05,"Melanoma",-0.535043474633751,0.239006539892884,-1.00348768489334,-0.0665992643741622,0.0251810184520511,-0.571785940291075,0.295041780595291,-1.15005720419241,0.0064853236102632,0.052625302736813,0.260284962740677,0.255520913929245,0.268666019235308,0.122127939492448,0.00279043931511263
"167","TSC22D2",-0.128370118903506,0.120196335888033,0.285518889894792,"Melanoma",-0.109423570022227,0.151322871856532,-0.406010948898199,0.187163808853744,0.46961032430291,-0.10942346981188,0.15132303796747,-0.406011174259309,0.187164234635549,0.469611218758871,0,0.602377197161815,0.736654669634541,0.711753147771598,0.421480266035169
"168","ZNF165",0.0995320891405496,0.115586885892072,0.389181912914193,"Melanoma",0.121240901953689,0.213254666981412,-0.296730564864961,0.539212368772339,0.569677604347685,0.152344673434334,0.317665216022416,-0.470267709110737,0.774957055979404,0.63152878141611,0.496610262107603,0.0935715950418796,0.839154682155654,0.756968871530485,0.524549534797391
"169","CXCR4",-0.247383311340925,0.107059635151724,0.0208491150780306,"Melanoma",-0.246897946430698,0.164785468784256,-0.569871530423389,0.0760756375619928,0.134055515485928,-0.246897946430698,0.164785468784256,-0.569871530423389,0.0760756375619928,0.134055515485928,0,0.649288436770965,0.371525285775286,0.333420128259872,0.0605927406955266
"170","NR4A1",-0.0489241030988141,0.101882712152876,0.631085014316522,"Melanoma",-0.0076436451500451,0.172335367321043,-0.34541475836177,0.33012746806168,0.964622772762801,-0.0076436451500451,0.172335367321043,-0.34541475836177,0.33012746806168,0.964622772762801,0,0.531530296912614,0.995408605936081,0.984930620610439,0.733636329142957
"171","SDCBP",0.118842815537788,0.101148968021367,0.240023281744661,"Melanoma",0.118607432564102,0.128966569023893,-0.134162397932428,0.371377263060631,0.357742202435211,0.118607331562286,0.12896966854912,-0.134168573892057,0.37138323701663,0.357754165563896,0.240722465085965,0.237293062096756,0.6440919755645,0.608789362038868,0.398610092897384
"172","RUBCNL",0.0721338129889536,0.134182409605517,0.590866869848376,"Melanoma",-0.0023284639214513,0.166388056667682,-0.328443062447717,0.323786134604815,0.988834626636323,-0.0023284639214513,0.166388056667682,-0.328443062447717,0.323786134604815,0.988834626636323,0,0.879840295208489,0.996290200179654,0.996290200179654,0.715486903088006
"173","FCMR",-0.548591745175454,0.156922356619918,0.000472388119638751,"Melanoma",-0.45935527008058,0.197736813080796,-0.84691230213667,-0.071798238024491,0.0201757150717395,-0.544101195969762,0.323631140243967,-1.17840657512357,0.0902041831840438,0.092716560210907,0.613899352752423,0.023851938430351,0.327757820894228,0.116900501116685,0.00439572713541864
"174","PRMT9",-0.000965562941217318,0.134311746064442,0.99426408225666,"Melanoma",0.0007650702943672,0.16454676961642,-0.321740671926225,0.323270812514959,0.996290200179654,0.0007650702943672,0.16454676961642,-0.321740671926225,0.323270812514959,0.996290200179654,0,0.687471806886162,0.996290200179654,0.996290200179654,0.99426408225666
"175","BORCS5",0.0586988892873679,0.134263988882758,0.66197347500761,"Melanoma",-0.0406389614136688,0.201816176529529,-0.436191398909124,0.354913476081786,0.840412223580604,-0.0406389614136688,0.201816176529529,-0.436191398909124,0.354913476081786,0.840412223580604,0,0.455270689302205,0.935518460353987,0.928812188900102,0.760043619453182
"176","IQCN",0.0730899600760949,0.189134692047002,0.699167895710227,"Melanoma",0.0708618269024851,0.222842695789063,-0.365901831061893,0.507625484866863,0.750492256627904,0.148422569241695,0.37468638842397,-0.585949257566672,0.882794396050062,0.69201296664314,0.615582682061299,0.0341259254366913,0.871756594342657,0.887777425523252,0.783404991578929
"177","CEMIP2",0.0745053006635425,0.189082469891265,0.69355445856159,"Melanoma",0.0732529825761245,0.201571305138721,-0.321819515812502,0.468325480964751,0.71629880108046,0.0732529825761245,0.201571305138721,-0.321819515812502,0.468325480964751,0.71629880108046,0,0.671954759213496,0.877371658172152,0.879506122845628,0.783404991578929
"178","TENT5C",-0.393414751846099,0.196991419043933,0.0458125628169965,"Melanoma",-0.270768099909041,0.226899063557681,-0.715482092607961,0.173945892789879,0.232735602137414,-0.373753708617861,0.371082206914462,-1.10106146947385,0.353554052238124,0.313839048801729,0.586467076987359,0.046316151562842,0.608847754675354,0.460721498108757,0.101442103380492
"179","CCL5",-0.558471956938269,0.1874437295732,0.00288802876927894,"Melanoma",-0.336444737237211,0.252244949710884,-0.83083575395266,0.157946279478238,0.182268860867089,-0.482691734214528,0.449274167306342,-1.36325292131918,0.397869452890125,0.282651849841323,0.62010121402329,0.0323982214829686,0.571192279887674,0.384349554437123,0.0157992162084083
