"Outcome","Gene","Study","Coef","SE","N","Pval","Cancer_type","Treatment","FDR"
"R vs NR","ITGAL","Liu__Melanoma__IO+combo",-1.098,0.439,43,0.0123989460592761,"Melanoma","IO+combo",0.124413609476281
"R vs NR","RGPD5","Liu__Melanoma__IO+combo",-0.446,0.33,43,0.17737326466611,"Melanoma","IO+combo",0.309371973254843
"R vs NR","HERPUD1","Liu__Melanoma__IO+combo",-1.233,0.459,43,0.007230847660257,"Melanoma","IO+combo",0.124413609476281
"R vs NR","USP36","Liu__Melanoma__IO+combo",-0.472,0.339,43,0.164035098245815,"Melanoma","IO+combo",0.300064204108199
"R vs NR","SLC2A3","Liu__Melanoma__IO+combo",-0.764,0.385,43,0.0470094158624869,"Melanoma","IO+combo",0.176285309484326
"R vs NR","PTPRC","Liu__Melanoma__IO+combo",-0.843,0.374,43,0.0242920447088612,"Melanoma","IO+combo",0.143294757051129
"R vs NR","DNAJA1","Liu__Melanoma__IO+combo",0.561,0.352,43,0.110998320551074,"Melanoma","IO+combo",0.287064622114846
"R vs NR","EZR","Liu__Melanoma__IO+combo",-0.605,0.342,43,0.0772508696291469,"Melanoma","IO+combo",0.241408967591084
"R vs NR","CREM","Liu__Melanoma__IO+combo",-0.01,0.305,43,0.975060591903122,"Melanoma","IO+combo",0.980836332426383
"R vs NR","SMCHD1","Liu__Melanoma__IO+combo",-0.07,0.308,43,0.819312862464757,"Melanoma","IO+combo",0.890557459200823
"R vs NR","ALG13","Liu__Melanoma__IO+combo",0.267,0.314,43,0.395484355005907,"Melanoma","IO+combo",0.55964767217817
"R vs NR","RUBCNL","Liu__Melanoma__IO+combo",-0.115,0.32,43,0.718895125747881,"Melanoma","IO+combo",0.804733349717777
"R vs NR","CD276","Liu__Melanoma__IO+combo",-0.285,0.326,43,0.382444298838996,"Melanoma","IO+combo",0.551602354094706
"R vs NR","ARRDC2","Liu__Melanoma__IO+combo",-0.488,0.333,43,0.14258100481426,"Melanoma","IO+combo",0.290939656257011
"R vs NR","CD69","Liu__Melanoma__IO+combo",-0.515,0.335,43,0.124742878209528,"Melanoma","IO+combo",0.290939656257011
"R vs NR","CD83","Liu__Melanoma__IO+combo",-0.567,0.393,43,0.149353941670424,"Melanoma","IO+combo",0.292621434584396
"R vs NR","STAT1","Liu__Melanoma__IO+combo",-0.487,0.327,43,0.137258957620322,"Melanoma","IO+combo",0.290939656257011
"R vs NR","PRDM2","Liu__Melanoma__IO+combo",-1.081,0.467,43,0.0207236197726551,"Melanoma","IO+combo",0.143294757051129
"R vs NR","NR4A3","Liu__Melanoma__IO+combo",-0.091,0.332,43,0.78480976213139,"Melanoma","IO+combo",0.865599002350798
"R vs NR","HSPH1","Liu__Melanoma__IO+combo",0.494,0.336,43,0.141131910074735,"Melanoma","IO+combo",0.290939656257011
"R vs NR","CXCR4","Liu__Melanoma__IO+combo",-0.455,0.33,43,0.168243350624688,"Melanoma","IO+combo",0.300434554686943
"R vs NR","LY9","Liu__Melanoma__IO+combo",-1.367,0.482,43,0.00452268213142808,"Melanoma","IO+combo",0.124413609476281
"R vs NR","NR4A1","Liu__Melanoma__IO+combo",0.143,0.35,43,0.683994911312357,"Melanoma","IO+combo",0.777266944673133
"R vs NR","CKS2","Liu__Melanoma__IO+combo",0.437,0.332,43,0.188707297664719,"Melanoma","IO+combo",0.314512162774532
"R vs NR","DDX27","Liu__Melanoma__IO+combo",0.053,0.316,43,0.866911965639857,"Melanoma","IO+combo",0.921452030027977
"R vs NR","JUND","Liu__Melanoma__IO+combo",-0.154,0.317,43,0.626918491367483,"Melanoma","IO+combo",0.746331537342241
"R vs NR","ZNF331","Liu__Melanoma__IO+combo",-0.623,0.361,43,0.0845444716290828,"Melanoma","IO+combo",0.25267450394613
"R vs NR","ZNF141","Liu__Melanoma__IO+combo",-0.299,0.402,43,0.456661866828286,"Melanoma","IO+combo",0.634252592817064
"R vs NR","DNAJB1","Liu__Melanoma__IO+combo",0.302,0.339,43,0.372594710203723,"Melanoma","IO+combo",0.547933397358416
"R vs NR","KDM6B","Liu__Melanoma__IO+combo",0.138,0.317,43,0.663696826356333,"Melanoma","IO+combo",0.765804030411153
"R vs NR","WDR74","Liu__Melanoma__IO+combo",-0.169,0.306,43,0.581309690426946,"Melanoma","IO+combo",0.713019283340056
"R vs NR","BTG1","Liu__Melanoma__IO+combo",0.317,0.32,43,0.322008626382044,"Melanoma","IO+combo",0.492870346503129
"R vs NR","SKIL","Liu__Melanoma__IO+combo",-0.205,0.311,43,0.509718116655204,"Melanoma","IO+combo",0.665075649603886
"R vs NR","SDCBP","Liu__Melanoma__IO+combo",0.528,0.33,43,0.109460915746507,"Melanoma","IO+combo",0.287064622114846
"R vs NR","ARHGAP24","Liu__Melanoma__IO+combo",0.195,0.305,43,0.522070015751734,"Melanoma","IO+combo",0.665075649603886
"R vs NR","CXCL9","Liu__Melanoma__IO+combo",-0.795,0.392,43,0.0423740316161927,"Melanoma","IO+combo",0.167265914274445
"R vs NR","CD27","Liu__Melanoma__IO+combo",-1.08,0.436,43,0.0132601457586898,"Melanoma","IO+combo",0.124413609476281
"R vs NR","VPS37B","Liu__Melanoma__IO+combo",-0.353,0.321,43,0.272290112857872,"Melanoma","IO+combo",0.425453301340424
"R vs NR","WDR45B","Liu__Melanoma__IO+combo",-0.049,0.307,43,0.872307921759818,"Melanoma","IO+combo",0.921452030027977
"R vs NR","CALM2","Liu__Melanoma__IO+combo",0.008,0.304,43,0.978772708935133,"Melanoma","IO+combo",0.980836332426383
"R vs NR","GZMA","Liu__Melanoma__IO+combo",-0.631,0.369,43,0.0875938280346584,"Melanoma","IO+combo",0.25267450394613
"R vs NR","IL2RG","Liu__Melanoma__IO+combo",-1.15,0.461,43,0.0126854709368006,"Melanoma","IO+combo",0.124413609476281
"R vs NR","C9orf72","Liu__Melanoma__IO+combo",-0.141,0.304,43,0.642959325696703,"Melanoma","IO+combo",0.753467959800824
"R vs NR","RILPL2","Liu__Melanoma__IO+combo",-0.876,0.405,43,0.0304659079283166,"Melanoma","IO+combo",0.159589702460592
"R vs NR","ZFP36L2","Liu__Melanoma__IO+combo",-0.577,0.357,43,0.10619167111064,"Melanoma","IO+combo",0.287064622114846
"R vs NR","BANK1","Liu__Melanoma__IO+combo",-1.092,0.426,43,0.0102908000352048,"Melanoma","IO+combo",0.124413609476281
"R vs NR","RANBP2","Liu__Melanoma__IO+combo",-0.007,0.306,43,0.980836332426383,"Melanoma","IO+combo",0.980836332426383
"R vs NR","NR4A2","Liu__Melanoma__IO+combo",0.177,0.329,43,0.589429274227779,"Melanoma","IO+combo",0.713019283340056
"R vs NR","CD8A","Liu__Melanoma__IO+combo",-0.663,0.362,43,0.0667360100731612,"Melanoma","IO+combo",0.217617424151613
"R vs NR","CHD1","Liu__Melanoma__IO+combo",0.044,0.304,43,0.88631183125501,"Melanoma","IO+combo",0.923241490890636
"R vs NR","FCMR","Liu__Melanoma__IO+combo",-1.406,0.482,43,0.00355067616926481,"Melanoma","IO+combo",0.124413609476281
"R vs NR","REL","Liu__Melanoma__IO+combo",-0.363,0.321,43,0.258684216439891,"Melanoma","IO+combo",0.412793962404081
"R vs NR","CTLA4","Liu__Melanoma__IO+combo",-1.019,0.419,43,0.0149296331371537,"Melanoma","IO+combo",0.124413609476281
"R vs NR","DNAJB14","Liu__Melanoma__IO+combo",0.219,0.309,43,0.478064491624072,"Melanoma","IO+combo",0.651906124941916
"R vs NR","PRMT9","Liu__Melanoma__IO+combo",0.303,0.313,43,0.332423634451687,"Melanoma","IO+combo",0.498635451677531
"R vs NR","TRA2A","Liu__Melanoma__IO+combo",-0.612,0.419,43,0.143530230420125,"Melanoma","IO+combo",0.290939656257011
"R vs NR","TAGAP","Liu__Melanoma__IO+combo",-1.019,0.452,43,0.0240542295381449,"Melanoma","IO+combo",0.143294757051129
"R vs NR","CD3D","Liu__Melanoma__IO+combo",-1.108,0.452,43,0.014135813941857,"Melanoma","IO+combo",0.124413609476281
"R vs NR","TUBA1A","Liu__Melanoma__IO+combo",-0.176,0.306,43,0.566456941694427,"Melanoma","IO+combo",0.708071177118033
"R vs NR","TUBA1C","Liu__Melanoma__IO+combo",-0.202,0.309,43,0.5128000815564,"Melanoma","IO+combo",0.665075649603886
"R vs NR","NFKBID","Liu__Melanoma__IO+combo",-0.672,0.361,43,0.0625479227762286,"Melanoma","IO+combo",0.213231554918961
"R vs NR","CXCL10","Liu__Melanoma__IO+combo",-0.533,0.363,43,0.142103168797551,"Melanoma","IO+combo",0.290939656257011
"R vs NR","GPR183","Liu__Melanoma__IO+combo",-0.517,0.342,43,0.130443425606257,"Melanoma","IO+combo",0.290939656257011
"R vs NR","CMKLR1","Liu__Melanoma__IO+combo",-0.856,0.381,43,0.0248377578888623,"Melanoma","IO+combo",0.143294757051129
"R vs NR","TGIF1","Liu__Melanoma__IO+combo",0.481,0.338,43,0.155571004834752,"Melanoma","IO+combo",0.292621434584396
"R vs NR","PER1","Liu__Melanoma__IO+combo",-0.415,0.337,43,0.217010824688426,"Melanoma","IO+combo",0.353821996774607
"R vs NR","CIITA","Liu__Melanoma__IO+combo",-0.779,0.366,43,0.0333041910286216,"Melanoma","IO+combo",0.159589702460592
"R vs NR","PRF1","Liu__Melanoma__IO+combo",-0.848,0.4,43,0.034045803191593,"Melanoma","IO+combo",0.159589702460592
"R vs NR","HLA.DRB1","Liu__Melanoma__IO+combo",-0.515,0.339,43,0.127908500331123,"Melanoma","IO+combo",0.290939656257011
"R vs NR","TSC22D2","Liu__Melanoma__IO+combo",-0.218,0.342,43,0.523192844355057,"Melanoma","IO+combo",0.665075649603886
"R vs NR","HLA.DQA1","Liu__Melanoma__IO+combo",-0.452,0.341,43,0.184290967564455,"Melanoma","IO+combo",0.314132331075776
"R vs NR","CD3E","Liu__Melanoma__IO+combo",-0.818,0.397,43,0.0395251830840255,"Melanoma","IO+combo",0.167265914274445
"R vs NR","HLA.DRA","Liu__Melanoma__IO+combo",-0.734,0.358,43,0.0402474721278261,"Melanoma","IO+combo",0.167265914274445
"R vs NR","HLA.E","Liu__Melanoma__IO+combo",-0.486,0.342,43,0.156064765111678,"Melanoma","IO+combo",0.292621434584396
"R vs NR","PSMB10","Liu__Melanoma__IO+combo",-0.668,0.35,43,0.0565174598433031,"Melanoma","IO+combo",0.20184807086894
