"Outcome","Gene","Study","Coef","SE","N","Pval","Cancer_type","Treatment","FDR"
"R vs NR","ITGAL","Mariathasan__Kidney__PD-(L)1",-0.041,0.362,46,0.90955460083874,"Kidney","PD-(L)1",0.984808295127061
"R vs NR","HERPUD1","Mariathasan__Kidney__PD-(L)1",-0.07,0.391,46,0.858464776645357,"Kidney","PD-(L)1",0.984808295127061
"R vs NR","USP36","Mariathasan__Kidney__PD-(L)1",-0.411,0.373,46,0.270830807691572,"Kidney","PD-(L)1",0.854460092703956
"R vs NR","SLC2A3","Mariathasan__Kidney__PD-(L)1",-0.09,0.375,46,0.810933923976197,"Kidney","PD-(L)1",0.984808295127061
"R vs NR","DDX3Y","Mariathasan__Kidney__PD-(L)1",-0.673,0.531,46,0.204667772245231,"Kidney","PD-(L)1",0.854460092703956
"R vs NR","PTPRC","Mariathasan__Kidney__PD-(L)1",0.117,0.354,46,0.742094101776898,"Kidney","PD-(L)1",0.984808295127061
"R vs NR","DNAJA1","Mariathasan__Kidney__PD-(L)1",-0.489,0.434,46,0.260433285860314,"Kidney","PD-(L)1",0.854460092703956
"R vs NR","LAG3","Mariathasan__Kidney__PD-(L)1",0.06,0.344,46,0.861250679812802,"Kidney","PD-(L)1",0.984808295127061
"R vs NR","EZR","Mariathasan__Kidney__PD-(L)1",-0.331,0.382,46,0.385968432967848,"Kidney","PD-(L)1",0.915749634319289
"R vs NR","CREM","Mariathasan__Kidney__PD-(L)1",0.061,0.426,46,0.886965813083054,"Kidney","PD-(L)1",0.984808295127061
"R vs NR","GZMB","Mariathasan__Kidney__PD-(L)1",-0.296,0.408,46,0.468763956237678,"Kidney","PD-(L)1",0.971011052206619
"R vs NR","SMCHD1","Mariathasan__Kidney__PD-(L)1",0.187,0.408,46,0.647108312906724,"Kidney","PD-(L)1",0.984808295127061
"R vs NR","ALG13","Mariathasan__Kidney__PD-(L)1",0.621,0.408,46,0.128312394902125,"Kidney","PD-(L)1",0.854460092703956
"R vs NR","CD276","Mariathasan__Kidney__PD-(L)1",0.832,0.383,46,0.0296755230220021,"Kidney","PD-(L)1",0.854460092703956
"R vs NR","ARRDC2","Mariathasan__Kidney__PD-(L)1",0.074,0.346,46,0.829984972822916,"Kidney","PD-(L)1",0.984808295127061
"R vs NR","AREG","Mariathasan__Kidney__PD-(L)1",0.181,0.352,46,0.607513496682135,"Kidney","PD-(L)1",0.984808295127061
"R vs NR","CD69","Mariathasan__Kidney__PD-(L)1",0.336,0.348,46,0.334309014446023,"Kidney","PD-(L)1",0.896630326492993
"R vs NR","CD83","Mariathasan__Kidney__PD-(L)1",0.083,0.346,46,0.809670189572841,"Kidney","PD-(L)1",0.984808295127061
"R vs NR","STAT1","Mariathasan__Kidney__PD-(L)1",-0.025,0.377,46,0.946629722526888,"Kidney","PD-(L)1",0.984808295127061
"R vs NR","PRDM2","Mariathasan__Kidney__PD-(L)1",0.025,0.341,46,0.942237988538507,"Kidney","PD-(L)1",0.984808295127061
"R vs NR","NR4A3","Mariathasan__Kidney__PD-(L)1",-0.884,0.419,46,0.0347948579639239,"Kidney","PD-(L)1",0.854460092703956
"R vs NR","YPEL5","Mariathasan__Kidney__PD-(L)1",0.111,0.394,46,0.77786386583237,"Kidney","PD-(L)1",0.984808295127061
"R vs NR","CD274","Mariathasan__Kidney__PD-(L)1",-0.036,0.345,46,0.917931878543482,"Kidney","PD-(L)1",0.984808295127061
"R vs NR","HSPH1","Mariathasan__Kidney__PD-(L)1",-0.374,0.378,46,0.322341044766818,"Kidney","PD-(L)1",0.896630326492993
"R vs NR","CXCR4","Mariathasan__Kidney__PD-(L)1",0.15,0.374,46,0.688434834518262,"Kidney","PD-(L)1",0.984808295127061
"R vs NR","LY9","Mariathasan__Kidney__PD-(L)1",-0.088,0.385,46,0.818712153574517,"Kidney","PD-(L)1",0.984808295127061
"R vs NR","NR4A1","Mariathasan__Kidney__PD-(L)1",-0.463,0.414,46,0.263951064633098,"Kidney","PD-(L)1",0.854460092703956
"R vs NR","CKS2","Mariathasan__Kidney__PD-(L)1",-0.456,0.414,46,0.271259412904897,"Kidney","PD-(L)1",0.854460092703956
"R vs NR","DDX27","Mariathasan__Kidney__PD-(L)1",-0.576,0.465,46,0.215263747780099,"Kidney","PD-(L)1",0.854460092703956
"R vs NR","CCR7","Mariathasan__Kidney__PD-(L)1",-1.206,0.555,46,0.0297707837386748,"Kidney","PD-(L)1",0.854460092703956
"R vs NR","JUND","Mariathasan__Kidney__PD-(L)1",-0.563,0.372,46,0.130689779297054,"Kidney","PD-(L)1",0.854460092703956
"R vs NR","ZNF331","Mariathasan__Kidney__PD-(L)1",-0.64,0.419,46,0.126573892204148,"Kidney","PD-(L)1",0.854460092703956
"R vs NR","ZNF141","Mariathasan__Kidney__PD-(L)1",0.923,0.502,46,0.0659391771606731,"Kidney","PD-(L)1",0.854460092703956
"R vs NR","IDO1","Mariathasan__Kidney__PD-(L)1",0.361,0.422,46,0.393244093605229,"Kidney","PD-(L)1",0.915749634319289
"R vs NR","DNAJB1","Mariathasan__Kidney__PD-(L)1",-0.205,0.524,46,0.695661762487636,"Kidney","PD-(L)1",0.984808295127061
"R vs NR","KDM6B","Mariathasan__Kidney__PD-(L)1",-0.5,0.448,46,0.26458717658391,"Kidney","PD-(L)1",0.854460092703956
"R vs NR","WDR74","Mariathasan__Kidney__PD-(L)1",-0.475,0.376,46,0.206644298350321,"Kidney","PD-(L)1",0.854460092703956
"R vs NR","BTG1","Mariathasan__Kidney__PD-(L)1",0.542,0.382,46,0.156651651865472,"Kidney","PD-(L)1",0.854460092703956
"R vs NR","SKIL","Mariathasan__Kidney__PD-(L)1",0.117,0.344,46,0.734999054674279,"Kidney","PD-(L)1",0.984808295127061
"R vs NR","SDCBP","Mariathasan__Kidney__PD-(L)1",0.664,0.415,46,0.109216416561568,"Kidney","PD-(L)1",0.854460092703956
"R vs NR","ARHGAP24","Mariathasan__Kidney__PD-(L)1",0.657,0.408,46,0.107583714768633,"Kidney","PD-(L)1",0.854460092703956
"R vs NR","CXCL9","Mariathasan__Kidney__PD-(L)1",-0.347,0.409,46,0.395972234432917,"Kidney","PD-(L)1",0.915749634319289
"R vs NR","CD27","Mariathasan__Kidney__PD-(L)1",-0.128,0.401,46,0.74895222453309,"Kidney","PD-(L)1",0.984808295127061
"R vs NR","VPS37B","Mariathasan__Kidney__PD-(L)1",0.053,0.387,46,0.891515010525393,"Kidney","PD-(L)1",0.984808295127061
"R vs NR","WDR45B","Mariathasan__Kidney__PD-(L)1",-0.374,0.392,46,0.340101158324928,"Kidney","PD-(L)1",0.896630326492993
"R vs NR","CALM2","Mariathasan__Kidney__PD-(L)1",0.114,0.341,46,0.738872388966609,"Kidney","PD-(L)1",0.984808295127061
"R vs NR","GZMA","Mariathasan__Kidney__PD-(L)1",-0.061,0.362,46,0.866183191728075,"Kidney","PD-(L)1",0.984808295127061
"R vs NR","IL2RG","Mariathasan__Kidney__PD-(L)1",0.219,0.35,46,0.531022994314154,"Kidney","PD-(L)1",0.983954687334957
"R vs NR","C9orf72","Mariathasan__Kidney__PD-(L)1",0.548,0.4,46,0.170642292319766,"Kidney","PD-(L)1",0.854460092703956
"R vs NR","RILPL2","Mariathasan__Kidney__PD-(L)1",0.413,0.334,46,0.21688327343179,"Kidney","PD-(L)1",0.854460092703956
"R vs NR","ZFP36L2","Mariathasan__Kidney__PD-(L)1",0.12,0.344,46,0.726586626240228,"Kidney","PD-(L)1",0.984808295127061
"R vs NR","BANK1","Mariathasan__Kidney__PD-(L)1",0.206,0.387,46,0.594626607540842,"Kidney","PD-(L)1",0.984808295127061
"R vs NR","RANBP2","Mariathasan__Kidney__PD-(L)1",0.457,0.403,46,0.256534981190622,"Kidney","PD-(L)1",0.854460092703956
"R vs NR","NR4A2","Mariathasan__Kidney__PD-(L)1",-0.348,0.392,46,0.374481409110152,"Kidney","PD-(L)1",0.915749634319289
"R vs NR","CD8A","Mariathasan__Kidney__PD-(L)1",-0.102,0.378,46,0.787531073167404,"Kidney","PD-(L)1",0.984808295127061
"R vs NR","CHD1","Mariathasan__Kidney__PD-(L)1",0.824,0.428,46,0.0541479924790533,"Kidney","PD-(L)1",0.854460092703956
"R vs NR","CXCL13","Mariathasan__Kidney__PD-(L)1",-0.246,0.405,46,0.54287155163308,"Kidney","PD-(L)1",0.983954687334957
"R vs NR","MS4A1","Mariathasan__Kidney__PD-(L)1",-0.069,0.378,46,0.855231145967935,"Kidney","PD-(L)1",0.984808295127061
"R vs NR","CCR5","Mariathasan__Kidney__PD-(L)1",-0.007,0.348,46,0.984808295127061,"Kidney","PD-(L)1",0.984808295127061
"R vs NR","REL","Mariathasan__Kidney__PD-(L)1",-0.348,0.333,46,0.295741625471519,"Kidney","PD-(L)1",0.887224876414558
"R vs NR","CTLA4","Mariathasan__Kidney__PD-(L)1",0.024,0.36,46,0.947194979165741,"Kidney","PD-(L)1",0.984808295127061
"R vs NR","DNAJB14","Mariathasan__Kidney__PD-(L)1",0.807,0.42,46,0.0547745160080673,"Kidney","PD-(L)1",0.854460092703956
"R vs NR","PRMT9","Mariathasan__Kidney__PD-(L)1",0.807,0.462,46,0.0806507259685015,"Kidney","PD-(L)1",0.854460092703956
"R vs NR","TRA2A","Mariathasan__Kidney__PD-(L)1",-0.01,0.373,46,0.979620151097236,"Kidney","PD-(L)1",0.984808295127061
"R vs NR","TAGAP","Mariathasan__Kidney__PD-(L)1",0.011,0.361,46,0.975744441774484,"Kidney","PD-(L)1",0.984808295127061
"R vs NR","CD3D","Mariathasan__Kidney__PD-(L)1",0.096,0.355,46,0.786139544026021,"Kidney","PD-(L)1",0.984808295127061
"R vs NR","TUBA1A","Mariathasan__Kidney__PD-(L)1",0.375,0.342,46,0.273564068606374,"Kidney","PD-(L)1",0.854460092703956
"R vs NR","TUBA1C","Mariathasan__Kidney__PD-(L)1",-0.344,0.346,46,0.319497917247831,"Kidney","PD-(L)1",0.896630326492993
"R vs NR","NFKBID","Mariathasan__Kidney__PD-(L)1",0.043,0.331,46,0.896917979132063,"Kidney","PD-(L)1",0.984808295127061
"R vs NR","CXCL10","Mariathasan__Kidney__PD-(L)1",-0.144,0.373,46,0.699332514847386,"Kidney","PD-(L)1",0.984808295127061
"R vs NR","GPR183","Mariathasan__Kidney__PD-(L)1",0.242,0.365,46,0.506739746756084,"Kidney","PD-(L)1",0.979696843728429
"R vs NR","CXCR6","Mariathasan__Kidney__PD-(L)1",0.008,0.36,46,0.983182124353033,"Kidney","PD-(L)1",0.984808295127061
"R vs NR","CMKLR1","Mariathasan__Kidney__PD-(L)1",0.289,0.353,46,0.413275351643991,"Kidney","PD-(L)1",0.915749634319289
"R vs NR","TGIF1","Mariathasan__Kidney__PD-(L)1",-0.251,0.367,46,0.493184293600889,"Kidney","PD-(L)1",0.979696843728429
"R vs NR","PER1","Mariathasan__Kidney__PD-(L)1",0.512,0.375,46,0.172789075044581,"Kidney","PD-(L)1",0.854460092703956
"R vs NR","CIITA","Mariathasan__Kidney__PD-(L)1",0.287,0.354,46,0.416924612227322,"Kidney","PD-(L)1",0.915749634319289
"R vs NR","PRF1","Mariathasan__Kidney__PD-(L)1",-0.115,0.339,46,0.734080757793365,"Kidney","PD-(L)1",0.984808295127061
"R vs NR","TIGIT","Mariathasan__Kidney__PD-(L)1",-0.089,0.376,46,0.812452572449232,"Kidney","PD-(L)1",0.984808295127061
"R vs NR","HLA.DRB1","Mariathasan__Kidney__PD-(L)1",0.108,0.364,46,0.766339824115784,"Kidney","PD-(L)1",0.984808295127061
"R vs NR","TSC22D2","Mariathasan__Kidney__PD-(L)1",-0.377,0.335,46,0.261267813582556,"Kidney","PD-(L)1",0.854460092703956
"R vs NR","ZNF165","Mariathasan__Kidney__PD-(L)1",-0.502,0.46,46,0.274998650525411,"Kidney","PD-(L)1",0.854460092703956
"R vs NR","PDCD1LG2","Mariathasan__Kidney__PD-(L)1",0.218,0.375,46,0.560196125069574,"Kidney","PD-(L)1",0.984808295127061
"R vs NR","CD3E","Mariathasan__Kidney__PD-(L)1",0.072,0.365,46,0.842895433568222,"Kidney","PD-(L)1",0.984808295127061
"R vs NR","HLA.DRA","Mariathasan__Kidney__PD-(L)1",0.285,0.354,46,0.421034314629558,"Kidney","PD-(L)1",0.915749634319289
"R vs NR","HLA.E","Mariathasan__Kidney__PD-(L)1",0.245,0.366,46,0.503212119596408,"Kidney","PD-(L)1",0.979696843728429
"R vs NR","PSMB10","Mariathasan__Kidney__PD-(L)1",-0.302,0.4,46,0.450153960804436,"Kidney","PD-(L)1",0.955204746097219
"R vs NR","CCL5","Mariathasan__Kidney__PD-(L)1",-0.232,0.381,46,0.542798762683263,"Kidney","PD-(L)1",0.983954687334957
