"Outcome","Gene","Study","Coef","SE","N","Pval","Cancer_type","Treatment","FDR"
"R vs NR","ITGAL","Riaz__Melanoma__IO+combo",-2.595,1.667,14,0.119583549595148,"Melanoma","IO+combo",0.422991447100277
"R vs NR","RGPD5","Riaz__Melanoma__IO+combo",-0.718,0.632,14,0.255654171324344,"Melanoma","IO+combo",0.422991447100277
"R vs NR","HERPUD1","Riaz__Melanoma__IO+combo",-2.366,1.72,14,0.168820942294853,"Melanoma","IO+combo",0.422991447100277
"R vs NR","USP36","Riaz__Melanoma__IO+combo",1.765,1.341,14,0.188151326723202,"Melanoma","IO+combo",0.422991447100277
"R vs NR","SLC2A3","Riaz__Melanoma__IO+combo",-0.233,0.721,14,0.746656478023455,"Melanoma","IO+combo",0.849321743751681
"R vs NR","PTPRC","Riaz__Melanoma__IO+combo",-2.303,1.476,14,0.118723213271526,"Melanoma","IO+combo",0.422991447100277
"R vs NR","DNAJA1","Riaz__Melanoma__IO+combo",0.451,0.54,14,0.403680967956452,"Melanoma","IO+combo",0.548283105731898
"R vs NR","EZR","Riaz__Melanoma__IO+combo",-0.565,0.57,14,0.321206783563323,"Melanoma","IO+combo",0.4713748247796
"R vs NR","CREM","Riaz__Melanoma__IO+combo",1.546,1.24,14,0.212318478520453,"Melanoma","IO+combo",0.422991447100277
"R vs NR","GZMB","Riaz__Melanoma__IO+combo",-0.656,0.668,14,0.326336417155108,"Melanoma","IO+combo",0.4713748247796
"R vs NR","SMCHD1","Riaz__Melanoma__IO+combo",-0.116,0.56,14,0.83534436979193,"Melanoma","IO+combo",0.89335025092737
"R vs NR","ALG13","Riaz__Melanoma__IO+combo",-0.104,0.672,14,0.876399567014507,"Melanoma","IO+combo",0.899594786496021
"R vs NR","RUBCNL","Riaz__Melanoma__IO+combo",-1.049,0.919,14,0.253571998872174,"Melanoma","IO+combo",0.422991447100277
"R vs NR","CD276","Riaz__Melanoma__IO+combo",1.687,0.929,14,0.0693396519587537,"Melanoma","IO+combo",0.422991447100277
"R vs NR","NKG7","Riaz__Melanoma__IO+combo",-1.269,0.984,14,0.197280108923039,"Melanoma","IO+combo",0.422991447100277
"R vs NR","ARRDC2","Riaz__Melanoma__IO+combo",-0.725,0.605,14,0.231023502144568,"Melanoma","IO+combo",0.422991447100277
"R vs NR","CD69","Riaz__Melanoma__IO+combo",-0.955,0.706,14,0.176228988312922,"Melanoma","IO+combo",0.422991447100277
"R vs NR","CD83","Riaz__Melanoma__IO+combo",-0.893,0.654,14,0.172001729280789,"Melanoma","IO+combo",0.422991447100277
"R vs NR","STAT1","Riaz__Melanoma__IO+combo",-1.172,0.83,14,0.158004103609247,"Melanoma","IO+combo",0.422991447100277
"R vs NR","PRDM2","Riaz__Melanoma__IO+combo",-0.62,0.763,14,0.416613288604776,"Melanoma","IO+combo",0.557526606809333
"R vs NR","NR4A3","Riaz__Melanoma__IO+combo",0.593,0.765,14,0.438179830130718,"Melanoma","IO+combo",0.574596748103405
"R vs NR","YPEL5","Riaz__Melanoma__IO+combo",-0.33,0.699,14,0.637114677946639,"Melanoma","IO+combo",0.762860995962423
"R vs NR","BCL11A","Riaz__Melanoma__IO+combo",-0.681,0.622,14,0.273507284249618,"Melanoma","IO+combo",0.436651980117812
"R vs NR","CD274","Riaz__Melanoma__IO+combo",-0.873,0.756,14,0.248120566049358,"Melanoma","IO+combo",0.422991447100277
"R vs NR","HSPH1","Riaz__Melanoma__IO+combo",0.811,0.596,14,0.173340796794418,"Melanoma","IO+combo",0.422991447100277
"R vs NR","CXCR4","Riaz__Melanoma__IO+combo",-0.854,0.65,14,0.189260444791023,"Melanoma","IO+combo",0.422991447100277
"R vs NR","LY9","Riaz__Melanoma__IO+combo",-1.881,1.224,14,0.124357677809604,"Melanoma","IO+combo",0.422991447100277
"R vs NR","NR4A1","Riaz__Melanoma__IO+combo",0.999,0.743,14,0.178977657919874,"Melanoma","IO+combo",0.422991447100277
"R vs NR","CKS2","Riaz__Melanoma__IO+combo",1.4,0.873,14,0.108864708265536,"Melanoma","IO+combo",0.422991447100277
"R vs NR","DDX27","Riaz__Melanoma__IO+combo",0.39,0.593,14,0.511392293717893,"Melanoma","IO+combo",0.628874307139571
"R vs NR","IQCN","Riaz__Melanoma__IO+combo",-0.788,0.783,14,0.314142316344922,"Melanoma","IO+combo",0.468638537498163
"R vs NR","JUND","Riaz__Melanoma__IO+combo",-0.088,0.54,14,0.871010397978731,"Melanoma","IO+combo",0.899594786496021
"R vs NR","ZNF331","Riaz__Melanoma__IO+combo",0.16,0.816,14,0.844265072304987,"Melanoma","IO+combo",0.89335025092737
"R vs NR","ZNF141","Riaz__Melanoma__IO+combo",0.177,0.534,14,0.74059215330824,"Melanoma","IO+combo",0.849321743751681
"R vs NR","IDO1","Riaz__Melanoma__IO+combo",-4.497,3.199,14,0.15980524623008,"Melanoma","IO+combo",0.422991447100277
"R vs NR","DNAJB1","Riaz__Melanoma__IO+combo",0.636,0.602,14,0.290738199924687,"Melanoma","IO+combo",0.448426715138076
"R vs NR","KDM6B","Riaz__Melanoma__IO+combo",-0.175,0.601,14,0.770199310167327,"Melanoma","IO+combo",0.865285644755886
"R vs NR","WDR74","Riaz__Melanoma__IO+combo",0.879,0.865,14,0.309897483313697,"Melanoma","IO+combo",0.468638537498163
"R vs NR","BTG1","Riaz__Melanoma__IO+combo",-1.015,0.821,14,0.216297439682616,"Melanoma","IO+combo",0.422991447100277
"R vs NR","CEMIP2","Riaz__Melanoma__IO+combo",-0.6,0.804,14,0.455856973637631,"Melanoma","IO+combo",0.584267388746823
"R vs NR","SKIL","Riaz__Melanoma__IO+combo",-0.807,0.735,14,0.272409802904161,"Melanoma","IO+combo",0.436651980117812
"R vs NR","SDCBP","Riaz__Melanoma__IO+combo",1.058,0.704,14,0.13289045577024,"Melanoma","IO+combo",0.422991447100277
"R vs NR","ARHGAP24","Riaz__Melanoma__IO+combo",-0.181,0.692,14,0.793859953298084,"Melanoma","IO+combo",0.870376575302718
"R vs NR","CXCL9","Riaz__Melanoma__IO+combo",-2.043,1.402,14,0.14522643566053,"Melanoma","IO+combo",0.422991447100277
"R vs NR","CD27","Riaz__Melanoma__IO+combo",-2.57,1.575,14,0.102613761079354,"Melanoma","IO+combo",0.422991447100277
"R vs NR","VPS37B","Riaz__Melanoma__IO+combo",0.807,0.685,14,0.239176942522179,"Melanoma","IO+combo",0.422991447100277
"R vs NR","WDR45B","Riaz__Melanoma__IO+combo",0.671,0.713,14,0.346526868131073,"Melanoma","IO+combo",0.485137615383502
"R vs NR","CALM2","Riaz__Melanoma__IO+combo",0.769,0.721,14,0.286179689906715,"Melanoma","IO+combo",0.448426715138076
"R vs NR","GZMA","Riaz__Melanoma__IO+combo",-2.387,1.951,14,0.221182927645589,"Melanoma","IO+combo",0.422991447100277
"R vs NR","IL2RG","Riaz__Melanoma__IO+combo",-2.173,1.521,14,0.153100221733987,"Melanoma","IO+combo",0.422991447100277
"R vs NR","C9orf72","Riaz__Melanoma__IO+combo",-0.066,0.654,14,0.919509672776798,"Melanoma","IO+combo",0.919509672776798
"R vs NR","RILPL2","Riaz__Melanoma__IO+combo",-0.97,0.765,14,0.204542202235023,"Melanoma","IO+combo",0.422991447100277
"R vs NR","ZFP36L2","Riaz__Melanoma__IO+combo",-0.612,0.695,14,0.378431736420759,"Melanoma","IO+combo",0.521777091125593
"R vs NR","BANK1","Riaz__Melanoma__IO+combo",-1.171,0.802,14,0.144239955148974,"Melanoma","IO+combo",0.422991447100277
"R vs NR","RANBP2","Riaz__Melanoma__IO+combo",0.067,0.512,14,0.896370790046693,"Melanoma","IO+combo",0.906330465491656
"R vs NR","NR4A2","Riaz__Melanoma__IO+combo",0.831,0.698,14,0.233548943589597,"Melanoma","IO+combo",0.422991447100277
"R vs NR","CD8A","Riaz__Melanoma__IO+combo",-3.671,2.215,14,0.097369102999598,"Melanoma","IO+combo",0.422991447100277
"R vs NR","CHD1","Riaz__Melanoma__IO+combo",0.36,0.537,14,0.502575368584511,"Melanoma","IO+combo",0.626498062208089
"R vs NR","MS4A1","Riaz__Melanoma__IO+combo",-0.984,0.724,14,0.174428753981546,"Melanoma","IO+combo",0.422991447100277
"R vs NR","CCR5","Riaz__Melanoma__IO+combo",-2.285,1.58,14,0.148143886167917,"Melanoma","IO+combo",0.422991447100277
"R vs NR","FCMR","Riaz__Melanoma__IO+combo",-0.995,0.669,14,0.137264807173306,"Melanoma","IO+combo",0.422991447100277
"R vs NR","REL","Riaz__Melanoma__IO+combo",-0.649,0.685,14,0.343368614249571,"Melanoma","IO+combo",0.485137615383502
"R vs NR","DNAJB14","Riaz__Melanoma__IO+combo",0.133,0.5,14,0.790433843553507,"Melanoma","IO+combo",0.870376575302718
"R vs NR","PRMT9","Riaz__Melanoma__IO+combo",0.396,0.515,14,0.441997498541081,"Melanoma","IO+combo",0.574596748103405
"R vs NR","TRA2A","Riaz__Melanoma__IO+combo",-0.252,0.632,14,0.690060693739527,"Melanoma","IO+combo",0.815526274419441
"R vs NR","TAGAP","Riaz__Melanoma__IO+combo",-1.399,0.885,14,0.113730147372455,"Melanoma","IO+combo",0.422991447100277
"R vs NR","BORCS5","Riaz__Melanoma__IO+combo",0.085,0.564,14,0.879823472507097,"Melanoma","IO+combo",0.899594786496021
"R vs NR","TUBA1A","Riaz__Melanoma__IO+combo",0.424,0.701,14,0.54579645381833,"Melanoma","IO+combo",0.662233030632907
"R vs NR","TUBA1C","Riaz__Melanoma__IO+combo",1.181,0.815,14,0.147046388379979,"Melanoma","IO+combo",0.422991447100277
"R vs NR","NFKBID","Riaz__Melanoma__IO+combo",-0.122,0.534,14,0.818940604424597,"Melanoma","IO+combo",0.887185654793313
"R vs NR","CXCL10","Riaz__Melanoma__IO+combo",-2.331,1.582,14,0.140729157989175,"Melanoma","IO+combo",0.422991447100277
"R vs NR","GPR183","Riaz__Melanoma__IO+combo",-0.951,0.733,14,0.194539931733175,"Melanoma","IO+combo",0.422991447100277
"R vs NR","CXCR6","Riaz__Melanoma__IO+combo",-3.163,2.165,14,0.143978401906042,"Melanoma","IO+combo",0.422991447100277
"R vs NR","CMKLR1","Riaz__Melanoma__IO+combo",-1.52,1.014,14,0.133800971306942,"Melanoma","IO+combo",0.422991447100277
"R vs NR","TGIF1","Riaz__Melanoma__IO+combo",1.174,0.845,14,0.164912783138214,"Melanoma","IO+combo",0.422991447100277
"R vs NR","PER1","Riaz__Melanoma__IO+combo",0.237,0.62,14,0.701939138535313,"Melanoma","IO+combo",0.818928994957866
"R vs NR","CIITA","Riaz__Melanoma__IO+combo",-1.487,0.927,14,0.108565572881902,"Melanoma","IO+combo",0.422991447100277
"R vs NR","PRF1","Riaz__Melanoma__IO+combo",-1.638,1.372,14,0.232531264718917,"Melanoma","IO+combo",0.422991447100277
"R vs NR","TENT5C","Riaz__Melanoma__IO+combo",-2.402,1.284,14,0.0614157249260348,"Melanoma","IO+combo",0.422991447100277
"R vs NR","PDCD1","Riaz__Melanoma__IO+combo",-1.835,1.291,14,0.15511312245711,"Melanoma","IO+combo",0.422991447100277
"R vs NR","HLA.DRB1","Riaz__Melanoma__IO+combo",-1.501,1.033,14,0.146265251971885,"Melanoma","IO+combo",0.422991447100277
"R vs NR","TSC22D2","Riaz__Melanoma__IO+combo",0.896,0.717,14,0.211497804991055,"Melanoma","IO+combo",0.422991447100277
"R vs NR","HLA.DQA1","Riaz__Melanoma__IO+combo",-1.741,1.225,14,0.15511043521785,"Melanoma","IO+combo",0.422991447100277
"R vs NR","ZNF165","Riaz__Melanoma__IO+combo",0.743,0.641,14,0.246124856995327,"Melanoma","IO+combo",0.422991447100277
"R vs NR","PDCD1LG2","Riaz__Melanoma__IO+combo",-1.691,1.253,14,0.17714850653198,"Melanoma","IO+combo",0.422991447100277
"R vs NR","CD3E","Riaz__Melanoma__IO+combo",-2.549,1.877,14,0.174443936972482,"Melanoma","IO+combo",0.422991447100277
"R vs NR","HLA.DRA","Riaz__Melanoma__IO+combo",-1.337,0.92,14,0.146262929518844,"Melanoma","IO+combo",0.422991447100277
"R vs NR","HLA.E","Riaz__Melanoma__IO+combo",-1.727,1.162,14,0.137133502729734,"Melanoma","IO+combo",0.422991447100277
"R vs NR","PSMB10","Riaz__Melanoma__IO+combo",-0.462,0.636,14,0.467954574102725,"Melanoma","IO+combo",0.591442586713166
"R vs NR","SIGLEC14","Riaz__Melanoma__IO+combo",-1.386,1.064,14,0.192595991965969,"Melanoma","IO+combo",0.422991447100277
"R vs NR","CCL5","Riaz__Melanoma__IO+combo",-2.036,1.41,14,0.148814489133925,"Melanoma","IO+combo",0.422991447100277
